id;nom;prenom;telephone;email;adresse;age;photo;photo_content_type
1;connect Granite;Profound coherent auxiliary;0193050359;Bndicte36@gmail.com;b Steel;26487;../fake-data/blob/hipster.png;image/png
2;de;Account;+33 305229091;Vronique.Renault65@yahoo.fr;partnerships 24/7;62334;../fake-data/blob/hipster.png;image/png
3;Designer;initiatives olive THX;0794039360;lie_Thomas@gmail.com;Exclusive;70699;../fake-data/blob/hipster.png;image/png
4;Paraguay Home;application Oberkampf;0392628491;Prosper_Mercier@gmail.com;c backing object-oriented;11215;../fake-data/blob/hipster.png;image/png
5;support e-tailers up;Lorraine B2B Analyste;+33 236254099;Thrse27@gmail.com;Tools Manager web-enabled;18274;../fake-data/blob/hipster.png;image/png
6;Soft;Salad;+33 613191996;Camlien53@hotmail.fr;dedicated model;75428;../fake-data/blob/hipster.png;image/png
7;Cheese;Salvador;+33 599960498;Lorraine49@hotmail.fr;Ouzb√©kistan relationships;85462;../fake-data/blob/hipster.png;image/png
8;end-to-end Fresh b;wireless;+33 473648211;Abondance65@yahoo.fr;Tuna payment Berkshire;24517;../fake-data/blob/hipster.png;image/png
9;Cheese Concrete capacity;Dinar;+33 714343119;Ferdinand.Schmitt44@yahoo.fr;Coordinateur Keyboard;70715;../fake-data/blob/hipster.png;image/png
10;Afghanistan;optical de;0180219533;Aliette11@gmail.com;deposit navigating;24525;../fake-data/blob/hipster.png;image/png
